d_model,t_nhead,s_nhead,dropout,beta,lr,mean_ic,mean_ICIR,mean_RIC,mean_RICIR
128,4,2,0.7,5,0.0001,0.05076589422158314,0.40977508924591577,0.041586160472661005,0.354338230812759
